Infomación espacial de variables ambientales,,,,,,,,
Tipo,,ID,Región,Descripción,Resolución espacial,Pagina web,Documentacion,
Clima,1,EarthEnv,Global,Global 1-km Cloud Cover,1 km,http://www.earthenv.org/cloud,http://journals.plos.org/plosbiology/article?id=10.1371/journal.pbio.1002415,
,2,Clima,Sudamérica,Bioclim variables for Southern South America,,https://www.unil.ch/ecospat/home/menuguid/ecospat-resources/data.html,,
,3,CGIARCSI,Global,CRU-TS v3.10.01 Historic Climate Database for GIS,,http://www.cgiar-csi.org/data/uea-cru-ts-v3-10-01-historic-climate-database,CRU-TS v3.10.01,
,4,CGIARCSI,Global,Global Aridity and PET Database,,http://www.cgiar-csi.org/data/global-aridity-and-pet-database,Ver sección de documentación de la pagina,
,6,CCAFS-Climate,Global,Clima a futuro CMPI5,,http://ccafs-climate.org/,https://www.nature.com/articles/s41597-019-0343-8,
,7,ClimateSA:,América del sur,"Historical and projected climate data for Mexico, Central and South America",,https://sites.ualberta.ca/~ahamann/data/climatesa.html,https://www.sciencedirect.com/science/article/pii/S0304380014002713,
,8,Clima,México,Clima Mexico,,http://idrisi.uaemex.mx/,http://onlinelibrary.wiley.com/doi/10.1002/joc.3848/abstract,
,9,Clima,Global,MERRAclim,,http://datadryad.org/resource/doi:10.5061/dryad.s2v81,https://www.nature.com/articles/sdata201778,
,10,Clima NA,Norte América,Current and projected climate data for North America (CMIP5 scenarios),,https://adaptwest.databasin.org/pages/adaptwest-climatena,http://journals.plos.org/plosone/article?id=10.1371/journal.pone.0156720,
,11,Clima,Norte América,Clima diario DayMet,,https://daymet.ornl.gov/,https://daac.ornl.gov/DAYMET/guides/Daymet_V3_CFMosaics.html#citation,
,12,TerraClimate,Global,Clima Anual,,http://www.climatologylab.org/terraclimate.html,https://www.nature.com/articles/sdata2017191,
,13,Chelsa,Global,Climatología,,http://chelsa-climate.org/,,
,14,WC v.2 ,Global,Climatología,,www.worldclim.org,http://onlinelibrary.wiley.com/doi/10.1002/joc.5086/full,
,15,WC v.1,Global,Climatología,,www.worldclim.org,http://onlinelibrary.wiley.com/doi/10.1002/joc.1276/abstract,
,16,PRISM,USA,Climatología,,http://prism.oregonstate.edu/,http://prism.oregonstate.edu/documents/,
,17,Climond,Global,Climatología,,https://www.climond.org/,,
,18,microClim,Global,Microclimas,,https://figshare.com/collections/microclim_Global_estimates_of_hourly_microclimate_based_on_long_term_monthly_climate_averages/878253,https://www.nature.com/articles/sdata20146,
,19,GIDMaPS,Global,Global Integrated Drought Monitoring and Prediction System,,https://figshare.com/collections/Global_Integrated_Drought_Monitoring_and_Prediction_System_GIDMaPS_Data_Sets/853801,https://www.nature.com/articles/sdata20141,
,20,CHIRPS,Global,Climate Hazards Group InfraRed Precipitation with Station data,,ftp://ftp.chg.ucsb.edu/pub/org/chg/products/CHIRPS-2.0,https://www.nature.com/articles/sdata201566,
,21,Köppen-Geiger climate,Global,Present and future Köppen-Geiger climate,,http://www.gloh2o.org/koppen/,https://doi.org/10.1038/sdata.2018.214,
,22,NHC.NOAA,,Huracanes,,https://www.nhc.noaa.gov/,,
,23,EnviDat,Global,High-resolution monthly precipitation and temperature time series from 2006 to 2100,,https://www.envidat.ch/#/metadata/chelsa_cmip5_ts,https://www.nature.com/articles/s41597-020-00587-y.pdf,
,24,Active Fire Data,Global,,,https://firms.modaps.eosdis.nasa.gov/active_fire/,,
,25,BrazilClim,Brazil,,,,https://www.researchgate.net/publication/353648411_BrazilClim_The_overcoming_of_limitations_of_preexisting_bioclimate_data?fbclid=IwAR3-QMDTOqL4MToWx0W70EVSvu6576bkRnF-sPyErML42_UTPEok4KaAq-Y,
,26,ENVIREM,Global,Climatología (más variables bioclimaticas),,http://onlinelibrary.wiley.com/doi/10.1111/ecog.02880/abstract,,
,27,Copernicus Climate Data Store,Global,"Climas para varios periodos, REA analisis + variables diferentes a WC",,https://cds.climate.copernicus.eu/cdsapp#!/search?type=dataset&text=biodiversity,,
,28,Global Aridity Index & Potential Evapotranspiration,Global,Version 3 of the Global Aridity Index and Potential Evapotranspiration Database,,https://www.nature.com/articles/s41597-022-01493-1#data-availability,https://www.nature.com/articles/s41597-022-01493-1,
,29,Sequía,Global,Global Future Drought Layers (CMPI6),,,https://www.nature.com/articles/s41597-025-04612-w,
,30,MexHiResClimDB,MÉXICO,,,https://essd.copernicus.org/articles/17/6911/2025/,,
,,rainfall erosivity database,MÉXICO,,,https://essd.copernicus.org/preprints/essd-2025-306/,,
,31,Future aridity index & PET,Global,CMIP6-based global estimates of future aridity index and potential evapotranspiration for 2021-2060,,https://open-research-europe.ec.europa.eu/articles/4-157/v1,,
Paleoclimas,1,Clima,Norte América,"Downscaled and debiased climate simulations for North America from 21,000 years ago to 2100AD",,http://datadryad.org/resource/doi:10.5061/dryad.1597g,http://www.nature.com/articles/sdata201648,
,2,Ecoclimate,Global,Paleoclimatología,,www.ecoclimate.org,http://journals.plos.org/plosone/article?id=10.1371/journal.pone.0129037,
,3,PaleoClim,Global,Paleoclimatología,,http://paleoclim.org/,https://www.nature.com/articles/sdata2018254,
,4,Clima pasado a futuro,Norte América,"Downscaled and debiased climate simulations for North America from 21,000 years ago to 2100AD",0.5 grados,https://datadryad.org/stash/dataset/doi:10.5061/dryad.1597g,https://www.nature.com/articles/sdata201648.pdf,
,5,"PAGES2k Global 2,000",,Holocene global mean surface temperature,,https://www.ncdc.noaa.gov/paleo-search/study/29712,http://www.nature.com/articles/s41597-020-0530-7,
,,,,,,,,
,,,,,,,,
,,,,,,,,
,,,,,,,,
Suelo,1,Soil Grids,Global,Suelo,,https://www.isric.org/explore/soilgrids,,
,2,CGIARCSI,Global,Global High-Resolution Soil-Water Balance,,http://www.cgiar-csi.org/data/global-high-resolution-soil-water-balance,Ver sección de documentación de la pagina,
,3,Suelo,Global,ISRIC Soil Data Hub,,http://www.isric.org/explore,,
,4,Suelo,Mexico,Mexican soil properties,,http://www.sciencedirect.com/science/article/pii/S0016706113002504,Contactar a primer autor,
,5,Pesticidas,Global,PEST-CHEMGRIDS,,https://www.nature.com/articles/s41597-019-0169-4,,
,6,Temperatura,Global,Global maps of soil temperature,,https://ecoevorxiv.org/pksqw,.,
,7,Global Rainfall Erosivity,Global,Global Rainfall Erosivity,,https://esdac.jrc.ec.europa.eu/content/global-rainfall-erosivity,,
,8,Global Soil Biodiversity Atlas Maps ,Global,,,https://esdac.jrc.ec.europa.eu/content/global-soil-biodiversity-maps-0,.,
,9,Global Landform classification ,Global,,,https://esdac.jrc.ec.europa.eu/content/global-landform-classification,,
,10,Global Soil Organic Carbon Estimates ,Global,Global Soil Organic Carbon Estimates ,,https://esdac.jrc.ec.europa.eu/content/global-soil-organic-carbon-estimates,.,
,11,Global Spatial Layers for Estimating Soil GHG Emissions from Indirect Land Use Changes(ILUC) due to the Production of Biofuels ,Global,Global Spatial Layers for Estimating Soil GHG Emissions from Indirect Land Use Changes(ILUC) due to the Production of Biofuels ,,https://esdac.jrc.ec.europa.eu/content/global-spatial-layers-estimating-soil-ghg-emissions-indirect-land-use-changesiluc-due,.,
,12,Land degradation in global arable lands ,Global,,,https://esdac.jrc.ec.europa.eu/content/land-degradation-global-arable-lands,,
,13,Global phosphorus losses due to soil erosion ,Global,Global phosphorus losses due to soil erosion,,https://esdac.jrc.ec.europa.eu/content/global-phosphorus-losses-due-soil-erosion,,
,14,Global soil erosion by water in 2070 ,Global,,,https://esdac.jrc.ec.europa.eu/content/global-soil-erosion-water-2070,,
,15,Global Soil Erosion ,Global,Global Soil Erosion ,,https://esdac.jrc.ec.europa.eu/content/global-soil-erosion,,
,16,NatureMap Priority-Carbon,Global,Captura de carbono,,http://pure.iiasa.ac.at/id/eprint/17537/,,
,17,GCAM,Global,Global land use for 2015–2100,,https://data.pnnl.gov/group/nodes/dataset/13192,https://www.nature.com/articles/s41597-020-00669-x,
Topograficas,1,EarthEnv-DEM,Global,EarthEnv-DEM90 digital elevation model,,http://www.earthenv.org/DEM,https://www.nature.com/articles/sdata201840,
,2,CGIARCSI,Global,SRTM 90m Digital Elevation Database v4.1,,http://srtm.csi.cgiar.org/,,
,3,HydroSHEDS,Global,Hydrographic information,,https://www.hydrosheds.org/,https://www.nature.com/articles/s41597-019-0300-6; https://wires.onlinelibrary.wiley.com/doi/10.1002/wat2.1424,
,4,Hydro1K,Global,"Corrientes, cuencas de drenaje y capas auxiliares",,https://earthexplorer.usgs.gov/,categoria Digital Elevation/GTOPO30 HYDRO 1 K,
,5,Geomorpho90m,Global,Topographical relief,,https://drive.google.com/drive/folders/1D4YHUycBBhNFVVsz4ohaJI7QXV9BEh94,https://www.nature.com/articles/s41597-020-0479-6,
,6,GMTED2010,Global,Global Multi-resolution Terrain Elevation Data 2010 (GMTED2010),,https://topotools.cr.usgs.gov/gmted_viewer/,,
,7,EarthEnv-TOPO,,"Global 1,5,10,100-km Topography",,http://www.earthenv.org/topography,https://www.nature.com/articles/sdata201840.pdf,
,8,INEGI - Relieve,Mexico,Relieve continental,,https://www.inegi.org.mx/temas/relieve/continental/default.html?fbclid=IwAR3_rwaUB-I6XVbhM3y1bb9gYuCRzUvKqtBCEl8ly_TE2IIWb2Piv7GAY9M#Descargas,v,
,,,,,,,,
,,,,,,,,
,10,,,,,,,
Vegetacion Disturbios,1,EarthEnv,Global,Global Habitat Heterogeneity,,http://www.earthenv.org/texture,,
,,Landcover Copernicus,Global,Land cover maps represent spatial information on different types (classes) ,,https://land.copernicus.eu/global/products/lc,,
,,Esri Sentinel 2,Global,SENTINEL-2 10M LAND USE/LAND COVER,,https://livingatlas.arcgis.com/landcoverexplorer/#mapCenter=-3.286%2C31.34%2C3&mode=step&timeExtent=2017%2C2021&year=2022&downloadMode=true,,
,3,LUH2,Global,"Global land-use and land-cover data for ecologists: Historical, current, and future scenarios",,https://drive.google.com/drive/folders/1CTax7OVdFPwnOcv_v36bF-cO7V-RZmwq,https://journals.ku.edu/jbi/article/view/15483,
,4,,Global,Gridded emissions and land-use data for 2005–2100,,,https://www.nature.com/articles/sdata2018210,
,5,Wilderness,Global,Temporally inter-comparable maps of terrestrial wilderness and the Last of the Wild,,,https://www.nature.com/articles/sdata2017187,
,6,EarthEnv,Global,Global 1-km Consensus Land Cover,,http://www.earthenv.org/landcover,,
,7,ORNL DAAC,Global,"Maps of Forest Area, Carbon Stocks, and Biomass,",,https://daac.ornl.gov/VEGETATION/guides/Global_Biomass_1950-2010.html,,
,8,Fuego,Global,Global Fired Data,,http://www.globalfiredata.org/data.html,,
,9,Cultivos,Global,Cropland map,,https://croplands.org/app/map?lat=0.17578&lng=0&zoom=2,http://onlinelibrary.wiley.com/doi/10.1111/gcb.12838/full,
,10,LCC,Global,Series de tiempo de LCC 1992-2015 ,,http://maps.elie.ucl.ac.be/CCI/viewer/,,
,11,GLCF,Global,Global Land Cover Facility,,http://glcf.umd.edu/data/,,
,12,GLCC,Global,Global Land Cover Characterization,,https://lta.cr.usgs.gov/GLCC,,
,13,huella humana,Global,Global terrestrial Human Footprint maps for 1993 and 2009,,http://datadryad.org/resource/doi:10.5061/dryad.052q5,,
,14,huella humana,Global,"Gridded Population of the World (GPW), v4",,http://sedac.ciesin.columbia.edu/data/collection/gpw-v4/sets/browse,,
,15,Dosel,Global,Global Tree Canopy Cover circa 2010,,https://landcover.usgs.gov/glc/TreeCoverDescriptionAndDownloads.php,,
,16,Cambio de uso de suelo (historico),Global,Global land change from 1982 to 2016,,https://lpdaac.usgs.gov/dataset_discovery/measures/measures_products_table/vcf5kyr_v001,https://www.nature.com/articles/s41586-018-0411-9,
,17,Carreteras,Global,Global Road Maps,,https://www.global-roadmap.org/global-road-maps/road-zoning-maps/,,
,18,Vegetación fut,Global,"Harmonized Global Land Use for Years 1500 – 2100, V1",,https://daac.ornl.gov/VEGETATION/guides/Land_Use_Harmonization_V1.html,,
,19,CLUMondo Cambio de uso de suelo (Futuro),Global,CLUMondo,9250m x 9250m ,https://www.environmentalgeography.nl/site/data-models/data/implementing-ssps-in-clumondo/,,
,20,,Global,Natural and Modified Habitat Screening Layer,,https://data-gis.unep-wcmc.org/portal/home/item.html?id=6c90138935c54556aa26e1091e5eb5de,https://www.sciencedirect.com/science/article/pii/S0006320720307321,
,21,esa LandCover,Global,"Land use land cover, time series",300 m to 1 km,https://www.esa-landcover-cci.org/?q=node/164,,
,22,,Global,"Global Forest Canopy Height, 2019","30 m , 10 m altura",https://glad.earthengine.app/view/global-forest-canopy-height-2019,,
,23,LAND Copernicus,Global,Copernicus Global Land Service,100 m,https://land.copernicus.eu/global/content/annual-100m-global-land-cover-maps-available,,
,24,North American Land Cover,Norte America,North American Land Change Monitoring System,"30 m, 250 m",http://www.cec.org/north-american-land-change-monitoring-system/,,
,25,Indices de habitat,Global,DYNAMIC HABITAT INDICES,,http://silvis.forest.wisc.edu/data/dhis/?fbclid=IwAR0yk-bP2jhkTDxvgSsYHsnYYI4lS0bn5piDIt7m9fc9T6nYPQxauecYGKU,http://silvis.forest.wisc.edu/wp-content/uploads/2018/10/Hobi_Dubinin_RSE_2017.pdf,
,26,Coberturas Colombia,Colombia,,,https://youtu.be/7rmd99Nq8Qw,,
,27,,Global,,,https://www.geo-wiki.org,,https://www.nature.com/articles/s41597-022-01332-3
,,Natural Forest 2020,Global,Natural forests of the world – a 2020 baseline,,https://doi.org/10.25452/figshare.plus.28881731,https://www.nature.com/articles/s41597-025-06097-z,
,28,Global Human Settlement,Global,GHSL - Global Human Settlement Layer,,https://ghsl.jrc.ec.europa.eu/download.php?ds=bu,,
Oceano,1,CreSis,,Incremento del nivel de mar,,https://cresis.ku.edu/content/research/maps,,
,2,GEBCO,Global,Global bathymetry 1-km,,https://www.gebco.net/data_and_products/gridded_bathymetry_data/,,
,3,EMODNET-Bathimetry,Global,European waters high resolution bathymetry (500m?),,http://www.emodnet-bathymetry.eu/data-products,,
,4,MARSPEC,Global,Ocean Climate Layers for Marine Spatial Ecology,,http://www.marspec.org/Home.html,,
,5,Clima,Global,Sea Surface Temperature,,https://climatedataguide.ucar.edu/climate-data/sst-data-hadisst-v11,,
,6,GLOBAL OCEAN 1/12° PHYSICS ANALYSIS AND FORECAST UPDATED DAILY,Global,Global model 3D ocean variables with data assimilation (10km),,http://marine.copernicus.eu/services-portfolio/access-to-products/?option=com_csw&view=details&product_id=GLOBAL_ANALYSIS_FORECAST_PHY_001_024,,
,7,MUR SST,Global,Multi-scale Ultra-high Resolution Sea Surface Temperature remote sensing mix (1km),,https://mur.jpl.nasa.gov/DownloadDataText.php,,
,8,COPERNICUS,Global,Repositore of oceanographic models and marine remote sensing data (Europe and global),,http://marine.copernicus.eu/services-portfolio/access-to-products/,,
,9,OCI-Clorophyll,Global,Surface clorophyll global realiable (several temporal and spatial resolutions) remote sensing mix,,http://www.esa-oceancolour-cci.org/?q=products%20description,,
,10,PODAAC,Global,"Salinity, SST, sea ice...many products (remote sensing based) at several resolutions ",,https://podaac.jpl.nasa.gov/dataaccess,,
,11,Bio-ORACLE,Global,Surface and benthic marine data,,http://www.bio-oracle.org/index.php,https://onlinelibrary.wiley.com/doi/abs/10.1111/geb.12693,
,12,Bio-ORACLE v2,Global ,,,https://www.bio-oracle.org/index.php,,
,13,GMED,Global,Global Marine Environment Datasets,,http://gmed.auckland.ac.nz/,,
,14,Etopo1,Global,Global Rief Model,,https://www.ngdc.noaa.gov/mgg/global/,https://data.nodc.noaa.gov/cgi-bin/iso?id=gov.noaa.ngdc.mgg.dem:316,
,15,WOAselect,Global,WORLD OCEAN ATLAS SELECT,,https://www.nodc.noaa.gov/OC5/SELECT/woaselect/woaselect.html?fbclid=IwAR2MkVekJ6zap_b5Pfk2MJaCNsI7pnoOJzUDxxXGnC43AmYjrgOUG_ZUwnA,,
,16,OSU TPXO Tide models,Global,"The TPXO models include complex amplitudes of MSL-relative sea-surface elevations and transports/currents for eight primary (M2, S2, N2, K2, K1, O1, P1, Q1), two long period (Mf,Mm) and 3 non-linear (M4, MS4, MN4) harmonic constituents",,https://www.tpxo.net/global,,
,17,Human Impact Marine Ecosystems,Global,,,,https://www.nature.com/articles/ncomms8615,
,18,OCEANCOLOR,Global,"Ocean color products (SST, Chl...MODIS, AVHRR..) Remote sensing mix",,https://oceancolor.gsfc.nasa.gov/,,
,19,AVHRR Pathfinder SST,Global,long-term Climate Data Record (1981–present) Temperatura superficial del mar,,https://www.ncei.noaa.gov/products/avhrr-pathfinder-sst,https://www.ncei.noaa.gov/access/metadata/landing-page/bin/iso?id=gov.noaa.nodc:AVHRR_Pathfinder-NCEI-L3C-v5.3,
,20,,Global,A Global Map of Human Impact on Marine Ecosystems,,,https://www.science.org/doi/10.1126/science.1149345,
Aguadulce,1,EarthEnv,Global,Near-global environmental information for freshwater ecosystems in 1km resolution,,http://www.earthenv.org/streams,https://www.nature.com/articles/sdata201573,
,2,Saltmarsh,Global,Global distribution of saltmarsh (ver. 4.0) ,,http://data.unep-wcmc.org/datasets/43,,
,3,Global River Widths from Landsat (GRWL),Global,Ancho y largo de los Rios,,https://www.gislounge.com/global-dataset-river-widths-developed-landsat-imagery/,http://science.sciencemag.org/content/361/6402/585,
,4,Lansat,USA,Landsat Dynamic Surface Water Extent,,https://www.usgs.gov/core-science-systems/nli/landsat/landsat-dynamic-surface-water-extent?qt-science_support_page_related_con=0#qt-science_support_page_related_con,.,
,5,NatureMap Priority-water,Global,Water,,http://pure.iiasa.ac.at/id/eprint/17537/,,
,6,NatureMap Priority-CarbonWater,Global,Carbon water,,http://pure.iiasa.ac.at/id/eprint/17537/,,
,7,,,,,,,
Sensores Remotos,1,NDVI,Global,Earthrngine Google,,https://explorer.earthengine.google.com/#detail/LANDSAT%2FLC8_L1T_8DAY_NDVI,,
,2,Landsat ,Global,ESA-CCI LandCover,,https://www.usgs.gov/core-science-systems/nli/landsat,https://landsat.usgs.gov/landsat-surface-reflectance-data-products,
,3,Sentinel,Mesoamerica,,10 m,https://2018mexicolandcover10m.esa.int/viewer,,
,4,Imagenes de satelite,Global,Earth explorer,,https://earthexplorer.usgs.gov/,,
Desarrollo Economico,1,GDP & HDI,Global,Gridded global datasets for Gross Domestic Product and Human Development Index over 1990–2015,,https://datadryad.org/resource/doi:10.5061/dryad.dk1j0,https://www.nature.com/articles/sdata20184#f1,
,2,Expansion humana,Global,Global Urban Sprawl,,https://urbanclimate.tse.ens.titech.ac.jp/,https://www.nature.com/articles/s41597-019-0048-z?fbclid=IwAR3aCA5FyyT4RchASBdAf-ftP0M8cv69qRVM8WOiQqBNnXEtgeMZdpkxtJs,
,,,,,,,,
,,,,,,https://developers.google.com/earth-engine/datasets/,,